class,feature,model,precision,recall,f1-score,support
1,TPC_k1000,RF,0.7560889516413696,0.6598890942698706,0.7047211712452706,3246.0
2,TPC_k1000,RF,0.8239479078741107,0.7228393102718713,0.7700890341485405,9453.0
3,TPC_k1000,RF,0.6818258951298151,0.6984182165826526,0.6900223252618924,5753.0
4,TPC_k1000,RF,0.9196272568433314,0.7106210621062106,0.8017263264788017,2222.0
5,TPC_k1000,RF,0.9046296296296297,0.7141812865497076,0.798202614379085,1368.0
6,TPC_k1000,RF,0.4922526817640048,0.8713080168776371,0.6290936785986291,2844.0
7,TPC_k1000,RF,0.8378119001919386,0.8677932405566601,0.8525390625,1006.0
accuracy,TPC_k1000,RF,0.7299551985169164,0.7299551985169164,0.7299551985169164,0.7299551985169164
macro avg,TPC_k1000,RF,0.7737406032963143,0.7492928896020871,0.7494848875160313,25892.0
weighted avg,TPC_k1000,RF,0.760441031261116,0.7299551985169164,0.7360207319487083,25892.0
1,TPC_k1000,LGBM,0.8209000302023558,0.8373382624768947,0.8290376696660058,3246.0
2,TPC_k1000,LGBM,0.8955956062706623,0.8883952184491696,0.8919808815719596,9453.0
3,TPC_k1000,LGBM,0.8208319685555192,0.8711976360159916,0.8452651994265958,5753.0
4,TPC_k1000,LGBM,0.9533627884143349,0.873987398739874,0.9119511622446583,2222.0
5,TPC_k1000,LGBM,0.9623698959167334,0.8786549707602339,0.9186090943828812,1368.0
6,TPC_k1000,LGBM,0.9272727272727272,0.9324894514767933,0.9298737727910238,2844.0
7,TPC_k1000,LGBM,0.9821428571428571,0.9294234592445328,0.9550561797752809,1006.0
accuracy,TPC_k1000,LGBM,0.8828595705237139,0.8828595705237139,0.8828595705237139,0.8828595705237139
macro avg,TPC_k1000,LGBM,0.9089251248250271,0.8873551995947843,0.8973962799797722,25892.0
weighted avg,TPC_k1000,LGBM,0.8849469551727719,0.8828595705237139,0.8834436309219764,25892.0
1,TPC_k1000,LinearSVM,0.5656665027053616,0.3542821934688848,0.43568857738207994,3246.0
2,TPC_k1000,LinearSVM,0.5630493971217425,0.7656828520046546,0.6489151873767258,9453.0
3,TPC_k1000,LinearSVM,0.5302578495000877,0.5254649747957587,0.5278505325650428,5753.0
4,TPC_k1000,LinearSVM,0.7071629213483146,0.4531953195319532,0.5523861766319254,2222.0
5,TPC_k1000,LinearSVM,0.689064558629776,0.3823099415204678,0.4917724494593324,1368.0
6,TPC_k1000,LinearSVM,0.6575649059982095,0.5165260196905767,0.5785742418274912,2844.0
7,TPC_k1000,LinearSVM,0.8137697516930023,0.7166998011928429,0.7621564482029598,1006.0
accuracy,TPC_k1000,LinearSVM,0.5843890004634636,0.5843890004634636,0.5843890004634636,0.5843890004634636
macro avg,TPC_k1000,LinearSVM,0.646647983856642,0.5305944431721626,0.5710490876350797,25892.0
weighted avg,TPC_k1000,LinearSVM,0.5952400786826433,0.5843890004634636,0.5753709959944067,25892.0
1,TPC_k1000,RBF_SVM,0.5126973232669869,0.2301293900184843,0.3176695726132256,3246.0
2,TPC_k1000,RBF_SVM,0.44864335150364426,0.7748862794879933,0.5682699767261443,9453.0
3,TPC_k1000,RBF_SVM,0.3855088495575221,0.36346254128280897,0.3741612239420238,5753.0
4,TPC_k1000,RBF_SVM,0.9104803493449781,0.18766876687668768,0.3111940298507463,2222.0
5,TPC_k1000,RBF_SVM,0.9852941176470589,0.097953216374269,0.17819148936170212,1368.0
6,TPC_k1000,RBF_SVM,0.6547356828193832,0.4180731364275668,0.5103004291845493,2844.0
7,TPC_k1000,RBF_SVM,0.9781021897810219,0.2664015904572565,0.41875,1006.0
accuracy,TPC_k1000,RBF_SVM,0.47006797466398886,0.47006797466398886,0.47006797466398886,0.47006797466398886
macro avg,TPC_k1000,RBF_SVM,0.6964945519886566,0.33408213156072375,0.38264810309691305,25892.0
weighted avg,TPC_k1000,RBF_SVM,0.5538422021719746,0.47006797466398886,0.43887521459946166,25892.0
1,TPC_k1000,HardVote,0.7326704545454545,0.7945163277880468,0.7623411173514631,3246.0
2,TPC_k1000,HardVote,0.7928653624856157,0.8746429704855602,0.8317489059906443,9453.0
3,TPC_k1000,HardVote,0.7852276801721046,0.7613419085694421,0.7731003441885094,5753.0
4,TPC_k1000,HardVote,0.9678379988088148,0.7313231323132313,0.8331197128941297,2222.0
5,TPC_k1000,HardVote,0.9783037475345168,0.7251461988304093,0.832913518052057,1368.0
6,TPC_k1000,HardVote,0.9021818181818182,0.8723628691983122,0.8870218090811584,2844.0
7,TPC_k1000,HardVote,0.9609967497291441,0.8817097415506958,0.9196474857439088,1006.0
accuracy,TPC_k1000,HardVote,0.8192491889386683,0.8192491889386683,0.8192491889386683,0.8192491889386683
macro avg,TPC_k1000,HardVote,0.8742976873510669,0.8058633069622425,0.8342704133288386,25892.0
weighted avg,TPC_k1000,HardVote,0.8269752352919129,0.8192491889386683,0.8196817953730906,25892.0
1,TPC_k1000,SoftVote,0.8817984046410442,0.7492298213185459,0.810126582278481,3246.0
2,TPC_k1000,SoftVote,0.825305259109701,0.9080715116894108,0.8647124005238239,9453.0
3,TPC_k1000,SoftVote,0.8158795345653662,0.8287849817486529,0.8222816245580754,5753.0
4,TPC_k1000,SoftVote,0.9695378151260504,0.8307830783078308,0.894813378574891,2222.0
5,TPC_k1000,SoftVote,0.9844425237683665,0.8326023391812866,0.9021782178217822,1368.0
6,TPC_k1000,SoftVote,0.8991977677014301,0.9064697609001406,0.9028191209945718,2844.0
7,TPC_k1000,SoftVote,0.9687825182101977,0.9254473161033797,0.9466192170818505,1006.0
accuracy,TPC_k1000,SoftVote,0.8604202070137494,0.8604202070137494,0.8604202070137494,0.8604202070137494
macro avg,TPC_k1000,SoftVote,0.906420546160308,0.8544841156070353,0.8776500774047823,25892.0
weighted avg,TPC_k1000,SoftVote,0.8647700934872132,0.8604202070137494,0.8603721240528649,25892.0
1,TPC_k1000,Stacking,0.7758668515950069,0.8616759088108441,0.816523135308714,3246.0
2,TPC_k1000,Stacking,0.9346844238563984,0.853803025494552,0.8924148606811145,9453.0
3,TPC_k1000,Stacking,0.8548443511717384,0.849643664175213,0.8522360735768459,5753.0
4,TPC_k1000,Stacking,0.8766290182450044,0.9081908190819082,0.8921308576480991,2222.0
5,TPC_k1000,Stacking,0.8160771704180064,0.9276315789473685,0.8682860075265139,1368.0
6,TPC_k1000,Stacking,0.8997661209488808,0.9469057665260197,0.9227342813088916,2844.0
7,TPC_k1000,Stacking,0.9031365313653137,0.9731610337972167,0.9368421052631579,1006.0
accuracy,TPC_k1000,Stacking,0.8772980071064421,0.8772980071064421,0.8772980071064421,0.8772980071064421
macro avg,TPC_k1000,Stacking,0.8658577810857642,0.9030016852618746,0.8830239030447624,25892.0
weighted avg,TPC_k1000,Stacking,0.8807241100528075,0.8772980071064421,0.8777303948882215,25892.0
