feature,model,accuracy,macro_precision,macro_recall,macro_f1,weighted_f1,mcc,macro_auprc,params
AAC,RF,0.7404217518924764,0.7768389283495898,0.7271328378502477,0.7439458434822511,0.7411166286248934,0.6657989943442967,0.8208428598065807,"{""n_estimators"": 300, ""min_samples_leaf"": 4, ""max_features"": ""log2"", ""max_depth"": 20}"
AAC,LGBM,0.7182141201915649,0.7167470234464953,0.7473835860599342,0.7296084709319406,0.7191698820015014,0.6454407636007033,0.8229034832473694,"{""num_leaves"": 63, ""n_estimators"": 300, ""learning_rate"": 0.1}"
AAC,LinearSVM,0.4000849683299861,0.4078834678328501,0.2257554308453039,0.2185566022441664,0.3102442217829286,0.1434479058474894,0.2886868691854313,"{""C"": 1.0}"
AAC,RBF_SVM,0.4395566198053452,0.4279101604618308,0.4127544085362197,0.4169114190963739,0.4413952092421712,0.2849105448962474,0.3941676774247758,"{""gamma"": ""scale"", ""C"": 10.0}"
AAC,HardVote,0.7353622740614861,0.7994259161116801,0.7117722803117091,0.7438293847372494,0.7345871422456375,0.656307660841766,,
AAC,SoftVote,0.7323497605437973,0.7822844149475717,0.7153962454372215,0.7417400543324286,0.7309532266562284,0.6518347694770965,0.8140914279796773,
AAC,Stacking,0.7453653638189403,0.708103343527011,0.7855979863308314,0.7394195755762251,0.7472909415346738,0.6844277530549602,0.8630507427345708,
DPC,RF,0.8137648694577476,0.9043714962296632,0.773920535996434,0.8227830016527821,0.812342366755627,0.7600706591824536,0.9066383530117024,"{""n_estimators"": 300, ""min_samples_leaf"": 4, ""max_features"": ""log2"", ""max_depth"": 20}"
DPC,LGBM,0.8776842267881971,0.907559119124608,0.8821060626715687,0.8939511597310194,0.8781850179126417,0.8423913620109879,0.9523322065567138,"{""num_leaves"": 63, ""n_estimators"": 300, ""learning_rate"": 0.1}"
DPC,LinearSVM,0.5399737370616406,0.5889018965785802,0.4715099442231684,0.5049428315454196,0.5236357988931805,0.3853390545440091,0.5489537344938806,"{""C"": 1.0}"
DPC,RBF_SVM,0.5191564962150471,0.6537042990935001,0.4187857975267391,0.4720818402052163,0.504545919851764,0.3505818391421416,0.5297667013585531,"{""gamma"": ""scale"", ""C"": 10.0}"
DPC,HardVote,0.8301405839641588,0.9011679652923528,0.7990434287970485,0.840979521159477,0.8297868298753753,0.7800356625991153,,
DPC,SoftVote,0.85852773057315,0.9080442768119272,0.8492157671890838,0.8752280419045582,0.858597480610802,0.8167396476557278,0.9324354233887556,
DPC,Stacking,0.8777228487563726,0.8647647249488684,0.902686731259588,0.8823535706073923,0.8780143373229409,0.845243023438938,0.9604939258530464,
TPC_k1000,RF,0.7299551985169164,0.7737406032963143,0.7492928896020871,0.7494848875160313,0.7360207319487083,0.661477612527837,0.8363533436090632,"{""n_estimators"": 300, ""min_samples_leaf"": 4, ""max_features"": ""log2"", ""max_depth"": 20}"
TPC_k1000,LGBM,0.8828595705237139,0.9089251248250272,0.8873551995947843,0.8973962799797722,0.8834436309219764,0.8492939544903125,0.9554541147698136,"{""num_leaves"": 63, ""n_estimators"": 300, ""learning_rate"": 0.1}"
TPC_k1000,LinearSVM,0.5843890004634636,0.646647983856642,0.5305944431721626,0.5710490876350797,0.5753709959944067,0.447909149884893,0.6214058096549904,"{""C"": 1.0}"
TPC_k1000,RBF_SVM,0.4700679746639888,0.6964945519886566,0.3340821315607237,0.382648103096913,0.4388752145994616,0.2696008890187673,0.4957863350807617,"{""gamma"": ""scale"", ""C"": 10.0}"
TPC_k1000,HardVote,0.8192491889386683,0.8742976873510669,0.8058633069622425,0.8342704133288386,0.8196817953730906,0.7656504042653725,,
TPC_k1000,SoftVote,0.8604202070137494,0.906420546160308,0.8544841156070353,0.8776500774047823,0.8603721240528649,0.8192694042684531,0.9333403910637068,
TPC_k1000,Stacking,0.8772980071064421,0.8658577810857642,0.9030016852618746,0.8830239030447624,0.8777303948882215,0.8447479777263153,0.9579188404675002,
SVD128,RF,0.6446392708172408,0.7330357465181842,0.6701353429041861,0.6770241620850216,0.6535263670057627,0.5603270038721379,0.7608930656915291,"{""n_estimators"": 300, ""min_samples_leaf"": 4, ""max_features"": ""log2"", ""max_depth"": 20}"
SVD128,LGBM,0.7636335547659509,0.7887118648304977,0.776281093653904,0.7801605807024173,0.7651998598497671,0.6984818737615752,0.8645250421392686,"{""num_leaves"": 63, ""n_estimators"": 300, ""learning_rate"": 0.1}"
SVD128,LinearSVM,0.5010427931407384,0.5836157239837175,0.4047858856590167,0.4400093660034253,0.4710450223062017,0.3227939549659242,0.5033661083430748,"{""C"": 1.0}"
SVD128,RBF_SVM,0.5073381739533447,0.547887012576136,0.4441692466259925,0.4788214419422924,0.5020363581947257,0.3495094304173671,0.4926091985440179,"{""gamma"": ""scale"", ""C"": 10.0}"
SVD128,HardVote,0.7168623513054225,0.7927891389512469,0.7006942575289855,0.7310188021829006,0.7183085756300298,0.6335923316971278,,
SVD128,SoftVote,0.7511972810134404,0.8081625140328075,0.7352541108516885,0.7639316438541532,0.7502390146810736,0.6763250908925902,0.8349146571006053,
SVD128,Stacking,0.7546346361810597,0.7319722554732195,0.7970839056680498,0.7582235581357307,0.7570350403440143,0.6952242262988586,0.8730900694190015,
